{
  "project_info": {
    "project_number": "1049003729202",
    "project_id": "chat-paradise-gdsc",
    "storage_bucket": "chat-paradise-gdsc.appspot.com"
  },
  "client": [
    {
      "client_info": {
        "mobilesdk_app_id": "1:1049003729202:android:5a2b49a7c543bbd31df72b",
        "android_client_info": {
          "package_name": "com.ucdavisgdsc.paradise.chat"
        }
      },
      "oauth_client": [
        {
          "client_id": "1049003729202-sbg0aumgk9toafjk5jjr26ph7kqoim8f.apps.googleusercontent.com",
          "client_type": 3
        }
      ],
      "api_key": [
        {
          "current_key": "AIzaSyBg7CjvaNLLvwJ_Rt4xMs_7lcZL7IkjYmc"
        }
      ],
      "services": {
        "appinvite_service": {
          "other_platform_oauth_client": [
            {
              "client_id": "1049003729202-sbg0aumgk9toafjk5jjr26ph7kqoim8f.apps.googleusercontent.com",
              "client_type": 3
            },
            {
              "client_id": "1049003729202-dsc3tq6bl2aeokm946cmks78an42qu77.apps.googleusercontent.com",
              "client_type": 2,
              "ios_info": {
                "bundle_id": "com.ucdavisgdsc.paradise.chat"
              }
            }
          ]
        }
      }
    }
  ],
  "configuration_version": "1"
}